    abandon	
    forsake; leave behind
    voluntary	
    of your own free will or design
    abrogate	
    revoke formally
    absorb	
    take in a liquid
    access	
    the right to enter
    accord	
    concurrence of opinion
    accountability	
    responsibility to someone or for some activity
    accounting	
    a system that gives quantitative information about finances
    accrual	
    the act of accumulating
    accumulate	
    get or gather together
    achieve	
    gain with effort
    acquisition	
    something gained
    act	
    behave in a certain manner
    action	
    something done (usually as opposed to something said)
    adaptive	
    having a capacity for change
    address	
    the place where a person or organization can be found
    adequacy	
    the quality of being able to meet a need satisfactorily
    adjustment	
    the act of making something different
    administer	
    supervise or be in charge of
    administration	
    the act of governing or exercising authority
    administrative	
    responsible for managing the affairs of a group of people
    administrator	
    someone who manages a government agency or department
    adopt	
    choose and follow, as of theories, policies, or strategies
    adversely	
    in an opposing manner
    advertisement	
    a public promotion of some product or service
    affect	
    have an influence upon
    agency	
    the state of being in action or exerting power
    agenda	
    a list of matters to be taken up, as at a meeting
    aggregate	
    a sum total of many heterogeneous things taken together
    agreement	
    harmony of people's opinions, actions, or characters
    agriculture	
    the practice of cultivating the land or raising stock
    aid	
    the activity of contributing to the fulfillment of a need
    alignment	
    the spatial property possessed by things in a straight line
    alliance	
    the state of being confederated
    allies	
    an coalition of nations joining to fight a common enemy
    allocation	
    the act of distributing or apportioning according to a plan
    allowance	
    the act of permitting
    alternative	
    one of a number of things from which only one can be chosen
    ambiguous	
    having more than one possible meaning
    amendment	
    a statement that is added to a proposal or document
    ammunition	
    projectiles to be fired from a gun
    analysis	
    abstract separation of a whole into its constituent parts
    annex	
    attach to
    annul	
    cancel officially
    appeal	
    earnest or urgent request
    applicable	
    having relevance
    application	
    the action of putting something into operation
    apply	
    employ for a particular purpose
    appoint	
    assign a duty, responsibility or obligation to
    approach	
    move towards
    appropriation	
    money set aside for a specific purpose, as by a legislature
    approval	
    the formal act of giving agreement or permission
    approximation	
    a rough calculation of quantity or degree or worth
    aquaculture	
    rearing aquatic animals or cultivating aquatic plants for food
    arbitration	
    giving authoritative judgment
    architecture	
    the discipline dealing with the design of fine buildings
    arm	
    a human limb
    armament	
    weaponry used by military or naval force
    article	
    one of a class of artifacts
    assembly	
    a group of persons gathered together for a common purpose
    assent	
    to agree or express agreement
    assess	
    estimate the nature, quality, ability or significance of
    assessment	
    the act of judging a person or situation or event
    asset	
    a useful or valuable quality
    assist	
    give help; be of service
    assistance	
    the activity of contributing to the fulfillment of a need
    assistant	
    a person who contributes to the furtherance of an effort
    associate	
    bring or come into action
    association	
    a formal organization of people or groups of people
    asylum	
    a shelter from danger or hardship
    attendance	
    the act of being present at a meeting or event
    attribution	
    assigning to a cause or source
    audience	
    a gathering of spectators or listeners at a performance
    audit	
    examine carefully for accuracy
    audition	
    perform in order to get a role
    auditor	
    a qualified accountant who inspects accounting records
    austerity	
    self-denial, especially refraining from worldly pleasures
    authoritarian	
    characteristic of an absolute ruler or absolute rule
    authorities	
    the organization that is the governing authority of a political unit
    authority	
    the power or right to give orders or make decisions
    autonomous	
    existing as an independent entity
    awareness	
    state of elementary or undifferentiated consciousness
    badge	
    an emblem that signifies your status
    balance	
    harmonious arrangement or relation of parts within a whole
    basis	
    the fundamental assumptions from which something is begun
    beneficiary	
    the recipient of funds or other advantages
    benefit	
    something that aids or promotes well-being
    bilateral	
    having two sides or parts
    bilingual	
    using or knowing two languages
    biodiversity	
    the diversity of plant and animal life in a habitat
    blame	
    an accusation that one is responsible for some misdeed
    bond	
    a connection that fastens things together
    border	
    the boundary of a surface
    brake	
    a restraint used to slow or stop a vehicle
    breach	
    an opening, especially a gap in a dike or fortification
    budget	
    a summary of intended expenditures
    budgetary	
    of or relating to a budget
    burden	
    weight to be borne or conveyed
    bureau	
    an administrative unit of government
    bureaucrat	
    a nonelective government official
    bureaucratic	
    of or relating to unnecessary procedures and red tape
    cadre	
    a nucleus of military personnel capable of expansion
    calculate	
    make a mathematical computation
    cap	
    a tight-fitting headdress
    capability	
    the quality of being able to do something
    capacity	
    capability to perform or produce
    capital	
    a large alphabetic character used in writing or printing
    carrier	
    a person or firm transporting people or goods or messages
    cartel	
    a consortium formed to limit commercial competition
    catalogue	
    a complete list of things, usually arranged systematically
    catchment	
    a structure in which water is collected
    cautious	
    showing careful forethought
    censure	
    harsh criticism or disapproval
    cessation	
    a stopping
    chair	
    a seat for one person, with a support for the back
    challenge	
    a call to engage in a contest or fight
    charter	
    a document creating an institution and specifying its rights
    check	
    examine so as to determine accuracy, quality, or condition
    chemical	
    produced by reactions involving atomic or molecular changes
    citation	
    an official award usually given as formal public statement
    citizen	
    a native or naturalized member of a state
    citizenship	
    membership in a state with rights and duties
    civil	
    of or occurring between or among citizens of the state
    clarify	
    make clear by removing impurities or solids, as by heating
    clause	
    a separate section of a legal document
    clearance	
    vertical space available to allow easy passage under something
    climate	
    the weather in some location averaged over a period of time
    cluster	
    a grouping of a number of similar things
    code	
    a set of rules or principles or laws
    coefficient	
    a constant number that serves as a measure of some property
    cohabitation	
    the act of living together and having a sexual relationship
    coherent	
    marked by an orderly and consistent relation of parts
    cohesion	
    the state of sticking together
    collaborate	
    work together on a common enterprise or project
    collaboration	
    act of working jointly
    collaborative	
    accomplished by working jointly
    collective	
    done by or characteristic of individuals acting together
    college	
    an institution of higher education
    collusion	
    secret agreement
    combat	
    the act of fighting; any contest or struggle
    commercial	
    connected with or engaged in the exchange of goods
    commission	
    the act of granting authority to undertake certain functions
    commissioner	
    a member of a special group considering some matter
    commitment	
    the act of binding yourself to a course of action
    committee	
    a special group delegated to consider some matter
    commodity	
    articles of commerce
    commonwealth	
    a political system in which power lies in a body of citizens
    commune	
    communicate intimately with
    communication	
    the activity of conveying information
    community	
    a group of people living in a particular local area
    comparative	
    relating to or based on or involving comparison
    compatible	
    able to exist and perform in harmonious combination
    compensation	
    the act of making amends for service or loss or injury
    competence	
    the quality of being adequately or well qualified
    competent	
    properly or sufficiently qualified, capable, or efficient
    competition	
    the act of contending with others for rewards or resources
    competitiveness	
    an aggressive willingness to compete
    complementarity	
    a relation between two opposite states or principles that together exhaust the possibilities
    completion	
    a concluding action
    complexity	
    the quality of being intricate and compounded
    compliance	
    the act of submitting, usually surrendering power to another
    component	
    one of the individual parts making up a larger entity
    comprehensive	
    including all or everything
    compromise	
    an accommodation in which both sides make concessions
    compulsory	
    required by rule
    concentrate	
    make denser, stronger, or purer
    concern	
    something that interests you because it is important
    conclusion	
    a position or opinion reached after consideration
    condition	
    a mode of being or form of existence of a person or thing
    conditionality	
    the state of being conditional
    conduct	
    the way a person behaves toward other people
    confederation	
    the state of being allied
    conference	
    a prearranged meeting for consultation or discussion
    confidence	
    belief in yourself and your abilities
    confirm	
    strengthen or make more firm
    confirmation	
    information that verifies
    conflict	
    an open clash between two opposing groups
    congress	
    a meeting of elected or appointed representatives
    consensual	
    existing by consent
    consensus	
    agreement in the judgment reached by a group as a whole
    consent	
    give an affirmative reply to; respond favorably to
    conservation	
    careful management of the environment and natural resources
    conservative	
    resistant to change
    consolidated	
    joined together into a whole
    constitute	
    form or compose
    constitutional	
    existing as an essential characteristic
    construct	
    make by combining materials and parts
    construction	
    the act of building something
    consult	
    seek information from
    consultation	
    the act of referring to something to find information
    consultative	
    giving advice
    consumer	
    a person who uses goods or services
    consumption	
    the act of using something up
    contentious	
    showing an inclination to disagree
    context	
    the set of facts or circumstances that surround a situation
    contract	
    a binding agreement that is enforceable by law
    contribution	
    a voluntary gift made to some worthwhile cause
    control	
    power to direct or determine
    controversial	
    marked by or capable of arousing disagreement
    convention	
    the act of meeting formally
    convergence	
    the act of coming closer
    conversion	
    the act of changing from one use or function to another
    cooperate	
    work together on a common enterprise of project
    cooperation	
    the practice of working together on a common enterprise
    cooperative	
    involving the joint activity of two or more
    coordinated	
    dexterous in using more than one set of muscle movements
    coordination	
    regulation of diverse elements into a harmonious operation
    coordinator	
    someone whose task is to see that work goes harmoniously
    core	
    the center of an object
    cornerstone	
    a stone at the outer corner of two intersecting masonry walls
    corporate	
    of or belonging to a business firm
    correlation	
    a reciprocal connection between two or more things
    correspond	
    take the place of or be parallel or equivalent to
    corruption	
    use of a position of trust for dishonest gain
    council	
    a body serving in an administrative capacity
    court	
    an assembly to conduct judicial business
    create	
    bring into existence
    creation	
    the act of starting something for the first time
    creativity	
    the ability to bring something into existence
    credentials	
    a document attesting to the truth of certain stated facts
    credibility	
    the quality of being believable or trustworthy
    crisis	
    a crucial stage or turning point in the course of something
    criterion	
    the ideal in terms of which something can be judged
    criticize	
    point out real or perceived flaws
    cultural	
    relating to the shared knowledge and values of a society
    culture	
    all the knowledge and values shared by a society
    currency	
    the metal or paper medium of exchange that is presently used
    curriculum	
    an integrated course of academic studies
    customer	
    someone who pays for goods or services
    customs	
    money collected under a tariff
    data	
    a collection of facts from which conclusions may be drawn
    database	
    an organized body of related information
    debate	
    a discussion with reasons for and against some proposal
    debt	
    the state of owing something, especially money
    decision	
    a position or opinion reached after consideration
    declaration	
    a statement that is emphatic and explicit
    decouple	
    disconnect or separate
    dedicate	
    give entirely to a specific person, activity, or cause
    dedicated	
    devoted to a cause or ideal or purpose
    deepening	
    a process of becoming deeper and more profound
    default	
    an option that is selected automatically
    defense	
    the act of defending someone or something against attack
    deficiency	
    lack of an adequate quantity or number
    deficit	
    the property of being less than expected or required
    define	
    show the form or outline of
    delegate	
    a person appointed or elected to represent others
    delegation	
    a group of representatives
    deletion	
    any process whereby sounds or words are left out of spoken words or phrases
    deliver	
    bring to a destination
    delivery	
    voluntary transfer of something from one party to another
    democracy	
    the orientation of those who favor government by the people
    democrat	
    an advocate of rule by and for the people
    democratic	
    based upon the principles of social equality
    department	
    a specialized division of a large organization
    departure	
    the act of leaving
    dependency	
    relying on or being controlled by someone or something else
    depression	
    a sunken or lowered geological formation
    deregulation	
    the act of freeing from rules
    derive	
    come from
    derogate	
    cause to seem less serious; play down
    derogation	
    a communication that belittles somebody or something
    description	
    the act of depicting something
    design	
    the act of working out the form of something
    desk	
    a piece of furniture with a writing surface and usually drawers or other compartments
    detection	
    the perception or discovery that something has occurred
    detective	
    a police officer who investigates crimes
    deterrence	
    a negative motivational influence
    develop	
    progress or evolve through a process of natural growth
    development	
    a process in which something passes to a different stage
    diagnostic	
    concerned with identifying the nature or cause of something
    dialogue	
    a conversation between two persons
    digital	
    relating to or performed with the fingers
    diligence	
    conscientiousness in paying proper attention to a task
    dimension	
    a construct distinguishing objects or individuals
    diplomat	
    an official engaged in international negotiations
    direct	
    proceeding without deviation; straight and short
    directive	
    a pronouncement encouraging or banning some activity
    directorate	
    a group of persons chosen to govern the affairs of a corporation or other large institution
    directory	
    an alphabetical list of names and addresses
    discharge	
    remove the unbalanced electricity from
    disclosure	
    the act of making something evident
    discrimination	
    unfair treatment of a person or group based on prejudice
    discriminatory	
    manifesting partiality
    discussion	
    an extended communication dealing with a particular topic
    dismantle	
    take off or remove
    disparity	
    inequality or difference in some respect
    disposition	
    your usual mood
    dispute	
    the act of coming into conflict
    disseminate	
    cause to become widely known
    dissemination	
    the act of dispersing or diffusing something
    dissent	
    a difference of opinion
    dissident	
    a person who objects to some established policy
    distant	
    separated in space or coming from far away
    distort	
    twist and press out of shape
    distribute	
    give to several people
    divergence	
    moving away in different direction from a common point
    divergent	
    tending to move apart in different directions
    diversification	
    the condition of being varied
    divide	
    a serious disagreement between two groups of people
    division	
    the act of partitioning
    document	
    a representation of a person's thinking with symbolic marks
    documentation	
    confirmation that some fact or statement is true
    domestic	
    of or relating to the home
    dossier	
    papers containing detailed information about a person
    downturn	
    a worsening of business or economic activity
    doyen	
    a man who is the senior member of a group
    draft	
    a current of air
    draftsman	
    an artist skilled at drawing
    draftsperson	
    a skilled worker who draws plans of buildings or machines
    duty	
    the social force that obliges you to behave in a certain way
    earmark	
    give or assign a resource to a particular person or cause
    earnings	
    something that remunerates
    ecological	
    characterized by the interdependence of living organisms
    economic	
    of or relating to production and management of wealth
    economical	
    using the minimum of time or resources for effectiveness
    economically	
    in a manner using the minimum of time or resources
    economist	
    an expert in the circulation of goods and services
    economy	
    the system of production and distribution and consumption
    ecosystem	
    organisms interacting with their physical environment
    education	
    activities that impart knowledge or skill
    effect	
    a phenomenon that is caused by some previous phenomenon
    effective	
    producing or capable of producing an intended result
    effectiveness	
    power to be effective
    efficiency	
    skillfulness in avoiding wasted time and effort
    efficient	
    being effective without wasting time, effort, or expense
    efficiently	
    in a manner that wastes no time or effort
    elaborate	
    marked by complexity and richness of detail
    electoral	
    of or relating to elections
    eligible	
    qualified for or allowed or worthy of being chosen
    elimination	
    the act of removing or getting rid of something
    emergency	
    a sudden unforeseen crisis that requires immediate action
    emission	
    the act of causing to flow forth
    employee	
    a worker who is hired to perform a job
    employer	
    a person or firm that hires workers
    employment	
    the state of having a job
    empower	
    give or delegate power or authority to
    empowerment	
    the act of conferring legality or sanction or formal warrant
    enable	
    provide the means to perform some task
    encompass	
    include in scope
    encourage	
    inspire with confidence
    endorse	
    approve of
    energy	
    forceful exertion
    enforcement	
    ensuring observance of or obedience to
    engagement	
    a meeting arranged in advance
    engineering	
    applying scientific knowledge to practical problems
    enhance	
    increase
    enhanced	
    increased or intensified in value or beauty or quality
    enhancement	
    an improvement that makes something more agreeable
    enlargement	
    the act of increasing in size or volume or quantity or scope
    enquiry	
    an instance of questioning
    ensure	
    make certain of
    enterprise	
    a purposeful or industrious undertaking
    entity	
    that which is perceived to have its own distinct existence
    entrepreneur	
    someone who organizes a business venture
    entrust	
    put into the care or protection of someone
    entry	
    the act of going in
    environment	
    the totality of surrounding conditions
    environmental	
    of or relating to the external conditions or surroundings
    equal	
    having the same quantity, value, or measure as another
    equality	
    the quality of being the same in quantity or value
    equilibrium	
    a stable situation in which forces cancel one another
    equipment	
    an instrumentality needed for an undertaking
    erosion	
    the process of wearing or grinding something down
    error	
    a wrong action attributable to bad judgment or ignorance
    establish	
    set up or found
    established	
    brought about or set up or accepted
    establishment	
    the act of forming something
    estimate	
    judge tentatively
    ethical	
    conforming to accepted standards of social behavior
    Eurocurrency	
    currency of the major financial and industrial countries held in those countries for the purpose of lending and borrowing
    evaluate	
    estimate the nature, quality, ability or significance of
    evaluation	
    act of ascertaining or fixing the value or worth of
    evidence	
    knowledge on which to base belief
    evolutionary	
    relating to the development of a species
    examine	
    observe, check out, and look over carefully or inspect
    exclusion	
    a deliberate act of omission
    execution	
    putting a condemned person to death
    executive	
    a person responsible for the administration of a business
    exempt	
    freed from or not subject to an obligation or liability
    exemption	
    an act freeing someone from obligations
    exit	
    move out of or depart from
    expenditure	
    the act of spending money for goods or services
    expert	
    a person with special knowledge who performs skillfully
    explanation	
    making something plain or intelligible
    explanatory	
    serving or intended to make clear
    exploitation	
    an act that victimizes someone
    export	
    sell or transfer abroad
    exporter	
    a businessperson who transports goods abroad
    expose	
    show; make visible or apparent
    expulsion	
    the act of forcing out someone or something
    extend	
    stretch out over a distance, space, time, or scope
    extent	
    the point or degree to which something extends
    external	
    happening or arising outside some limits or surface
    extradition	
    surrender of an accused by one state or country to another
    extraordinary	
    highly unusual or exceptional or remarkable
    facilitate	
    make easier
    facility	
    a building or place that provides a particular service
    farming	
    the practice of cultivating the land or raising stock
    feasibility	
    the quality of being doable
    feature	
    a prominent attribute or aspect of something
    federal	
    of a government with central and regional authorities
    federation	
    an organization formed by merging several groups or parties
    finance	
    the commercial activity of providing funds and capital
    financial	
    involving fiscal matters
    financing	
    the act of funding
    flexibility	
    the property of being easily bent or shaped
    flexible	
    able to bend easily
    fluctuation	
    an instance of change
    focus	
    the concentration of attention or energy on something
    forecast	
    a prediction about how something will develop
    formal	
    in accord with established conventions and requirements
    formulate	
    prepare according to instructions
    formulation	
    the act of inventing or contriving an idea or explanation
    forum	
    a public facility to meet for open discussion
    fossil	
    the remains of a plant or animal from a past geological age
    foundation	
    the basis on which something is grounded
    founding	
    the act of starting something for the first time
    framework	
    the underlying structure
    fraud	
    intentional deception resulting in injury to another person
    fraudulent	
    intended to deceive
    freedom	
    the condition of being free
    fuel	
    a substance that can be consumed to produce energy
    functional	
    designed for or capable of a particular use
    functioning	
    performing or able to perform its regular purpose
    fund	
    a reserve of money set aside for some purpose
    fundamental	
    serving as an essential component
    funding	
    financial resources provided to make some project possible
    funds	
    assets in the form of money
    fusion	
    the act of melding or melting together
    gender	
    the biological or cultural traits associated with one sex
    generate	
    bring into existence
    generation	
    group of genetically related organisms in a line of descent
    generic	
    applicable to an entire class or group
    global	
    involving the entire earth
    goldplate	
    plate with gold
    govern	
    exercise authority over, as of nations
    governance	
    the act of exercising authority
    government	
    the system or form by which a community is ruled
    grant	
    let have
    grassroots	
    of or involving the common people
    guarantee	
    an unconditional commitment that something will happen
    guidance	
    the act of showing the way
    guideline	
    a rule that provides direction for appropriate behavior
    habitat	
    the type of environment in which an organism normally lives
    haircut	
    the act of cutting the hair
    hazardous	
    involving risk or danger
    health	
    the general condition of body and mind
    hearing	
    the ability to hear; the auditory faculty
    heterogeneous	
    consisting of elements not of the same kind or nature
    host	
    a person who invites guests to a social event
    human	
    a person; a hominid with a large brain and articulate speech
    humane	
    marked by concern with the alleviation of suffering
    identification	
    the act of designating something
    identify	
    recognize as being
    immigration	
    movement of persons into a place
    immunity	
    the condition in which an organism can resist disease
    impact	
    the striking of one body against another
    implement	
    a piece of equipment or a tool used for a specific purpose
    implementation	
    the act of providing a means for accomplishing something
    implemented	
    forced or compelled or put in force
    import	
    bring in from abroad
    impose	
    charge and collect payment
    imposed	
    set forth authoritatively as obligatory
    improve	
    to make better
    improvement	
    the act of making something better
    inaugurate	
    commence officially
    inclusion	
    the act of making a part of something
    inclusive	
    encompassing much or everything
    incorporate	
    make into a whole or make part of a whole
    incorporation	
    consolidating two or more things
    independence	
    freedom from control or influence of another or others
    independent	
    free from external control and constraint
    indicator	
    a device for showing the operating condition of some system
    indirect	
    not leading by a straight line or course to a destination
    indivisible	
    impossible to split into parts
    industrial	
    of or relating to commercial enterprise
    industrialist	
    someone who manages or has significant financial interest in an industrial enterprise
    industry	
    the action of making of goods and services for sale
    informal	
    not in accord with established conventions and requirements
    infraction	
    a violation of a law or rule
    infrastructure	
    the basic features of a system or organization
    infringement	
    an act that disregards an agreement or a right
    inherent	
    existing as an essential constituent or characteristic
    initiative	
    readiness to embark on bold new ventures
    innovation	
    the act of starting something for the first time
    innovative	
    being like nothing done or experienced or created before
    input	
    signal going into an electronic system
    inspection	
    a formal or official examination
    instance	
    an item of information that is typical of a class or group
    institute	
    set up or lay the groundwork for
    institution	
    a custom that has been an important feature of some group
    institutional	
    relating to an organization founded for a specific purpose
    institutionalize	
    cause to be admitted, as a person to a hospital
    instrument	
    the means whereby some act is accomplished
    insurance	
    protection against future loss
    integral	
    existing as an essential constituent or characteristic
    integrate	
    make into a whole or make part of a whole
    integrated	
    formed or united into a whole
    integration	
    the act of combining into a whole
    integrity	
    an undivided or unbroken completeness with nothing wanting
    intelligence	
    the ability to comprehend
    intelligent	
    having the capacity for thought and reason to a high degree
    intensified	
    made more sharp
    intensive	
    characterized by a heightened level or degree
    interact	
    do something together or with others
    interactive	
    capable of influencing each other
    internal	
    located inward
    international	
    concerning or belonging to two or more countries
    interpretation	
    the act of expressing something in an artistic performance
    interval	
    the distance between things
    intervene	
    be placed or located between other things
    intervention	
    the act of interposing one thing between or among others
    introduce	
    bring something new to an environment
    inventory	
    a detailed list of all the items in stock
    investigation	
    an inquiry into unfamiliar or questionable activities
    investment	
    laying out money or capital in an enterprise
    investor	
    someone who commits capital to gain financial returns
    issue	
    some situation or event that is thought about
    joint	
    junction by which parts or objects are linked together
    judgement	
    the act of judging or assessing a person or situation
    judicial	
    expressing careful judgment
    juridical	
    of or relating to the law or jurisprudence
    jurisdiction	
    the territory within which power can be exercised
    justice	
    the quality of being just or fair
    justification	
    the act of defending or explaining by reasoning
    knowledge	
    the result of perception, learning, and reasoning
    land	
    the solid part of the earth's surface
    landing	
    the act of coming to land after a voyage
    launch	
    propel with force
    leader	
    a person who rules or guides or inspires others
    learning	
    the cognitive process of acquiring skill or knowledge
    legal	
    established by or founded upon law or official rules
    legality	
    lawfulness by virtue of conformity to a statute
    legislation	
    the act of making or enacting laws
    legislative	
    relating to a lawmaking assembly
    legislator	
    someone who makes or enacts laws
    levee	
    an embankment built to prevent a river from overflowing
    level	
    a relative position or degree of value in a graded group
    levy	
    impose and collect
    liability	
    the state of being legally obliged and responsible
    liaison	
    a means of communication between groups
    liberal	
    showing or characterized by broad-mindedness
    liberalization	
    the act of making less strict
    liberty	
    freedom of choice
    licence	
    a legal document giving official permission to do something
    lifelong	
    continuing through life
    limit	
    as far as something can go
    litigation	
    a legal proceeding in a court
    local	
    of or belonging to or characteristic of a particular area
    locate	
    determine the place of by searching or examining
    logistics	
    supplying an operation with labor and materials as needed
    loophole	
    an ambiguity that makes it possible to evade an obligation
    mainstream	
    the prevailing current of thought
    maintain	
    keep in a certain state, position, or activity
    majority	
    the main part
    management	
    the act of controlling something
    mandate	
    a document giving an official instruction or command
    manufacturing	
    the act of making something (a product) from raw materials
    margin	
    the boundary line or area immediately inside the boundary
    marginal	
    at or constituting a border or edge
    marine	
    of or relating to the sea
    maritime	
    relating to ships or navigation
    material	
    the substance that goes into the makeup of a physical object
    measure	
    determine the dimensions of something or somebody
    measurement	
    assigning numbers to phenomena according to a rule
    mechanism	
    device consisting of a piece of machinery
    mediate	
    act between parties with a view to reconciling differences
    mediated	
    acting or brought about through an intervening agency
    medium	
    the surrounding environment
    medium	
    the surrounding environment
    meeting	
    the social act of assembling for some common purpose
    memorandum	
    a written proposal or reminder
    merge	
    mix together different elements
    merger	
    an occurrence that involves the production of a union
    message	
    a communication that is written or spoken or signaled
    method	
    a way of doing something, especially a systematic way
    methodological	
    relating to the systematic techniques of some discipline
    methodology	
    the techniques followed in a particular discipline
    military	
    the armed forces of a nation
    minister	
    a person authorized to conduct religious worship
    ministerial	
    of or relating to a government department
    ministry	
    the work of a person authorized to conduct religious worship
    mission	
    an operation that is assigned by a higher headquarters
    mobility	
    the quality of moving freely
    model	
    a representation of something, often on a smaller scale
    monetary	
    relating to or involving money
    monitor	
    someone who observes to ensure fairness or prevent mistakes
    monolithic	
    imposing in size or bulk or solidity
    moral	
    concerned with principles of right and wrong
    motion	
    the act of changing location from one place to another
    multilateral	
    having many parts or sides
    multilingual	
    using or knowing more than one language
    mutual	
    common to or shared by two or more parties
    narrative	
    an account that tells the particulars of an act or event
    nation	
    a politically organized body of people under a government
    network	
    an open fabric woven together at regular intervals
    nomenclature	
    a system of words used to name things in a discipline
    nominal	
    relating to or constituting or bearing or giving a name
    norm	
    a standard or model or pattern regarded as typical
    notice	
    the act of paying attention
    nuclear	
    constituting the core or central part
    objective	
    the goal intended to be attained
    objectivity	
    judgment based on observable phenomena
    obligation	
    the state of being bound to do or pay something
    obligatory	
    required by compulsion or convention
    observation	
    the act of taking a patient look
    obstacle	
    something that stands in the way and must be surmounted
    occupational	
    of or relating to the activity or business
    occurrence	
    an instance of something happening
    office	
    place of business where professional duties are performed
    officer	
    a member of a police force
    official	
    of or relating to a place of business
    officially	
    in an authoritative role
    ombudsman	
    an appointee investigating complaints against the government
    operate	
    perform as expected when applied
    operational	
    pertaining to a series of actions for achieving a result
    opinion	
    a personal belief or judgment
    opportunity	
    a possibility from a favorable combination of circumstances
    optimal	
    most desirable possible under a restriction
    optimize	
    make optimal; get the most out of; use best
    ordinary	
    lacking special distinction, rank, or status
    organization	
    a methodical and orderly manner or approach
    organized	
    methodical and efficient in arrangement or function
    orientation	
    the act of determining one's position
    originate	
    come into existence; take on form or shape
    outcome	
    something that results
    overhaul	
    make repairs, renovations, revisions or adjustments to
    overproduction	
    too much production or more than expected
    overseas	
    beyond or across the ocean
    pact	
    a written agreement between two states or sovereigns
    palpable	
    capable of being perceived
    parliament	
    a legislative assembly in certain countries
    participate	
    be involved in
    participation	
    the act of sharing in the activities of a group
    particular	
    unique or specific to a person or thing or category
    partnership	
    a cooperative relationship between people or groups
    patent	
    a document granting an inventor sole rights to an invention
    paymaster	
    a person in charge of paying wages
    peaceful	
    not disturbed by strife or turmoil or war
    pension	
    regular payment to allow a person to subsist without working
    performance	
    the act of doing something successfully
    permanent	
    continuing or enduring without marked change in status
    permissible	
    acceptable, especially as according to rule
    personal	
    concerning an individual or his or her private life
    perturbation	
    the act of causing disorder
    petition	
    a formal request that something be submitted to an authority
    petitioner	
    someone who petitions a court for redress of a grievance or recovery of a right
    pharmaceutical	
    relating to preparing and dispensing drugs and medicines
    phase	
    any distinct time period in a sequence of events
    physical	
    involving the body as distinguished from the mind or spirit
    pillar	
    a vertical cylindrical structure supporting a structure
    pilot	
    someone who is licensed to operate an aircraft in flight
    planning	
    an act of formulating a program for a course of action
    plenary	
    full in all respects
    policy	
    a plan of action adopted by an individual or social group
    political	
    involving or characteristic of governing or social power
    poll	
    the counting of votes (as in an election)
    pollutant	
    waste matter that contaminates the water, air, or soil
    pollution	
    contamination of the natural environment
    population	
    the people who inhabit a territory or state
    portability	
    the quality of being light enough to be carried
    portfolio	
    a large, thin case for loose papers or drawings or maps
    post	
    piece of timber or metal fixed firmly in an upright position
    postgraduate	
    of or relating to studies beyond a bachelor's degree
    posting	
    a sign posted in a public place as an advertisement
    potential	
    existing in possibility
    poverty	
    the state of having little or no money and possessions
    power	
    possession of the qualities required to do something
    practice	
    a customary way of operation or behavior
    preamble	
    a preliminary introduction to a statute or constitution
    precautionary	
    taken in advance to protect against possible danger or failure
    precedent	
    an example that is used to justify similar occurrences
    preclusion	
    the act of preventing something by anticipating and disposing of it effectively
    preference	
    the right or chance to choose
    preliminary	
    preceding or in preparation for something more important
    preparation	
    setting in order in advance some act or purpose
    presence	
    current existence
    preservation	
    the activity of protecting something from loss or danger
    presidency	
    the office and function of president
    pressure	
    the exertion of force to a surface
    prevent	
    keep from happening or arising; make impossible
    preventive	
    tending to hinder
    primacy	
    the state of being first in importance
    primary	
    of first rank or importance or value
    principal	
    most important element
    principle	
    a basic generalization that is accepted as true
    priority	
    status established in order of importance or urgency
    privilege	
    a special advantage or benefit not enjoyed by all
    probability	
    a measure of how likely it is that some event will occur
    problem	
    a question raised for consideration or solution
    procedural	
    of or relating to processes
    procedure	
    a particular course of action intended to achieve a result
    proceed	
    move ahead; travel onward in time or space
    process	
    a particular course of action intended to achieve a result
    procurement	
    the act of getting possession of something
    productivity	
    the quality of yielding positive results
    professional	
    of or relating to or suitable as an occupation
    profile	
    an outline of something, especially a face from the side
    program	
    a series of steps to be carried out
    progress	
    the act of moving forward, as toward a goal
    progressive	
    favoring or promoting progress
    prohibit	
    command against
    prohibited	
    forbidden by law
    prohibition	
    the action of forbidding
    project	
    a planned undertaking
    proliferation	
    a rapid increase in number
    promote	
    assign to a higher position
    promotion	
    the act of raising in rank or position
    proportional	
    having a constant ratio
    proposal	
    the act of making a suggestion
    propose	
    present for consideration, examination, or criticism
    proposition	
    a suggestion offered for acceptance or rejection
    prosecutor	
    an official conducting criminal cases on behalf of the state
    protect	
    shield from danger, injury, destruction, or damage
    protection	
    the activity of shielding someone or something
    protectionism	
    the policy of imposing duties or quotas on imports in order to protect home industries from overseas competition
    protocol	
    forms of ceremony and etiquette observed by officials
    prototype	
    a standard or typical example
    provide	
    give something useful or necessary to
    provision	
    the activity of supplying something
    provisional	
    under terms not final or fully worked out or agreed upon
    provisions	
    a stock or supply of foods
    prudence	
    discretion in practical affairs
    public	
    not private
    publication	
    the act of issuing printed materials
    punitive	
    inflicting punishment
    purpose	
    what something is used for
    qualified	
    meeting the proper standards and requirements for a task
    qualify	
    prove capable or fit; meet requirements
    quality	
    an essential and distinguishing attribute of something
    quarantine	
    isolation to prevent the spread of infectious disease
    quartet	
    four people considered as a unit
    quorum	
    a gathering of the minimal number of members of a group
    quota	
    a prescribed number
    underpin	
    support with evidence or authority or make more certain or confirm
    rapport	
    a relationship of mutual understanding between people
    rapporteur	
    a recorder appointed by a committee to prepare reports of the meetings
    ratification	
    making something valid by formally confirming it
    ratio	
    relation with respect to comparative quantity or magnitude
    reactor	
    apparatus to maintain and control a nuclear reaction
    readability	
    the quality of written language that makes it easy to read and understand
    reading	
    written material intended to be read
    rebate	
    a refund of some fraction of the amount paid
    reciprocal	
    concerning each of two or more persons or things
    recital	
    a public instance of repeating something prepared in advance
    recognition	
    identifying something or someone by remembering
    recognize	
    perceive to be the same
    recommend	
    express a good opinion of
    recommendation	
    praise of a person or thing as worthy or desirable
    reconciliation	
    the reestablishment of cordial relations
    reconstruction	
    the activity of building something again
    record	
    anything providing permanent evidence about past events
    recover	
    regain or make up for
    recovery	
    return to an original state
    recurrent	
    happening again and again
    reduction	
    the act of decreasing something
    referral	
    the act of sending or directing something to someone
    reformist	
    a disputant who advocates reform
    region	
    the extended spatial location of something
    regional	
    characteristic of a particular area
    regionalism	
    a foreign policy that defines the international interests of a country in terms of particular geographic areas
    register	
    an official written record of names or events
    regulate	
    bring into conformity with rules or principles or usage
    regulation	
    the act of bringing to uniformity
    regulator	
    a device for controlling flow, pressure, temperature, etc.
    regulatory	
    restricting according to rules or principles
    reimbursement	
    compensation paid for damages or money already spent
    reiterate	
    to say, state, or perform again
    reject	
    refuse to accept or acknowledge
    relation	
    the state or quality of having something in common
    relative	
    not absolute or complete
    relevance	
    the relation of something to the matter at hand
    relevant	
    having a bearing on or connection with the subject at issue
    reliability	
    the quality of being dependable
    remit	
    send in payment
    remote	
    located far away spatially
    renew	
    reestablish on an improved basis
    renovate	
    restore to a previous or better condition
    report	
    to give an account or representation of in words
    repository	
    a facility where things can be deposited for safekeeping
    representation	
    standing in for someone and speaking on their behalf
    representative	
    serving to typify
    reprimand	
    an act or expression of criticism and censure
    request	
    express the need or desire for; ask for
    require	
    have need of
    requirement	
    necessary activity
    research	
    a seeking for knowledge
    reserve	
    hold back or set aside, especially for future use
    residual	
    relating to or indicating a remainder
    resolution	
    a decision to do something or to behave in a certain manner
    resource	
    aid or support that may be drawn upon when needed
    respect	
    regard highly; think much of
    responsibility	
    the social force that binds you to a course of action
    responsible	
    worthy of or requiring trust; held accountable
    restitution	
    the act of restoring something to its original state
    restoration	
    returning something or someone to a satisfactory state
    restraint	
    the act of controlling by holding someone or something back
    restrict	
    limit access to
    restricted	
    subject to an act of limitation
    restriction	
    an act of limiting
    restrictive	
    serving to limit
    restructure	
    form anew
    result	
    something that follows as a consequence
    resume	
    take up or begin anew
    resumption	
    beginning again
    revenue	
    the entire amount of income before any deductions are made
    reverse	
    change to the contrary
    review	
    look at again; examine again
    revise	
    make changes to
    revision	
    the act of altering
    revoke	
    cancel officially
    rigorous	
    rigidly accurate; allowing no deviation from a standard
    risk	
    a source of danger
    rotation	
    a planned recurrent sequence (of crops or personnel etc.)
    rubric	
    category name
    rural	
    living in or characteristic of farming or country life
    safeguard	
    a precautionary measure warding off impending danger
    safety	
    being certain that adverse effects will not be caused
    sample	
    a small part intended as representative of the whole
    sampling	
    (statistics) the selection of a suitable sample for study
    scale	
    an ordered reference standard
    schedule	
    a list of times at which things are planned to occur
    scheduled	
    planned for some certain time or times
    scheme	
    an elaborate and systematic plan of action
    scope	
    the state of the environment in which a situation exists
    scoreboard	
    a large board for displaying the score of a contest
    screening	
    the display of a motion picture
    scrutinize	
    examine carefully for accuracy
    scrutiny	
    the act of examining something closely, as for mistakes
    secondary	
    being of second rank or importance or value
    secretariat	
    an administrative unit responsible for maintaining records and other secretarial duties; especially for international organizations
    secretary	
    an assistant who handles correspondence and clerical work
    section	
    one of several parts or pieces that fit with others
    sector	
    a particular aspect of life or activity
    sectorial	
    relating to or resembling a sector
    security	
    the state of being free from danger or injury
    sentence	
    a string of words satisfying grammatical rules of a language
    separate	
    standing apart; not attached to or supported by anything
    service	
    an act of help or assistance
    session	
    a meeting for execution of a group's functions
    set-aside	
    reserved in advance
    settle	
    become resolved, fixed, established, or quiet
    severity	
    excessive sternness
    shape	
    a perceptual structure
    share	
    assets belonging to an individual person or group
    significance	
    the quality of being important
    simplification	
    the act of reducing complexity
    simplify	
    make easier or reduce in complexity or extent
    simulation	
    the act of imitating the behavior of some situation
    sitting	
    the act of assuming or maintaining a seated position
    social	
    living together or enjoying life in communities
    socialist	
    advocating the state ownership of industry
    societal	
    relating to people in general
    society	
    an extended group having a distinctive cultural organization
    socioeconomic	
    involving social as well as economic factors
    software	
    written programs operating on a computer system
    solvency	
    the ability to meet maturing obligations as they come due
    source	
    the place where something begins
    sovereign	
    a nation's ruler usually by hereditary right
    spatial	
    pertaining to the expanse in which things are located
    speaker	
    someone who expresses in language
    specification	
    naming explicitly
    specify	
    be particular about
    speed	
    a rate at which something happens
    split	
    separate into parts or portions
    stability	
    the quality or attribute of being firm and steadfast
    stabilization	
    the act of keeping something from fluctuating
    stabilize	
    support and make steadfast
    stagnation	
    a state of inactivity
    standard	
    a basis for comparison
    state	
    the way something is with respect to its main attributes
    statement	
    the act of affirming or asserting something
    statistic	
    a datum that can be represented numerically
    statistical	
    of or relating to the interpretation of quantitative data
    statistics	
    a branch of mathematics concerned with quantitative data
    status	
    a state at a particular time
    statute	
    an act passed by a legislative body
    statutory	
    relating to or created by regulations
    stimulate	
    cause to act in a specified manner
    stocks	
    a frame that supports a boat while it is under construction
    strategic	
    relating to an elaborate and systematic plan of action
    strategy	
    an elaborate and systematic plan of action
    streamline	
    contour economically or efficiently
    structural	
    relating to the composition of something
    structure	
    a complex entity made of many parts
    structured	
    having a definite and highly organized system
    submission	
    the act of surrendering power to another
    submit	
    yield to the control of another
    subsidiarity	
    secondary importance
    subsidy	
    a grant paid by a government to an enterprise
    subsistence	
    a means of surviving
    substance	
    the real physical matter of which a person or thing consists
    substantial	
    real; having a material or factual existence
    substantiate	
    establish or strengthen as with new evidence or facts
    substantive	
    having a firm basis in reality and therefore important
    substitute	
    a person or thing that can take the place of another
    summit	
    the top or extreme point of something
    supervise	
    watch and direct
    supplementary	
    functioning in a supporting capacity
    supply	
    circulate or distribute or equip with
    support	
    the act of bearing the weight of or strengthening
    supranational	
    transcending established national boundaries or spheres of interest
    supreme	
    greatest in status or authority or power
    surplus	
    a quantity much larger than is needed
    surveillance	
    close observation of a person or group
    susceptible	
    yielding readily to or capable of
    suspension	
    the act of hanging something from above so it moves freely
    sustainability	
    the capacity of being prolonged
    sustainable	
    capable of being prolonged
    symbiosis	
    the relation between two interdependent species of organisms
    symbiosis	
    the relation between two interdependent species of organisms
    synergy	
    the working together of two things to produce an effect
    synthesis	
    the combination of ideas into a complex whole
    system	
    a group of independent elements comprising a unified whole
    systemic	
    affecting an entire structure, network, or complex of parts
    tangible	
    perceptible by the senses especially the sense of touch
    target	
    a reference point to shoot at
    tariff	
    a government tax on imports or exports
    task	
    any piece of work that is undertaken or attempted
    taxation	
    imposition of charges against a citizen's person or property
    taxpayer	
    someone who pays taxes
    technical	
    of or relating to aptitude in a practical skill
    technique	
    a practical method or art applied to some particular task
    technological	
    of a practical subject organized by scientific principles
    technology	
    the practical application of science to commerce or industry
    temporary	
    not permanent; not lasting
    termination	
    the act of ending something
    territory	
    a region marked off for administrative or other purposes
    terrorism	
    the use of violence against civilians for ideological goals
    terrorist	
    a radical who advocates violence against civilians
    realistic	
    aware or expressing awareness of things as they are
    threat	
    declaration of an intention to inflict harm on another
    threshold	
    the starting point for a new state or experience
    timetable	
    a schedule of times of arrivals and departures
    timing	
    the regulation of occurrence, pace, or coordination to achieve a desired effect (as in music, theater, athletics, mechanics)
    title	
    the name of a work of art or literary composition
    tolerance	
    willingness to respect the beliefs or practices of others
    toolbox	
    a box or chest or cabinet for holding hand tools
    toxic	
    of or relating to or caused by a poison
    track	
    a line or route along which something travels or moves
    trade	
    the commercial exchange of goods and services
    regime	
    the governing authority of a political unit
    training	
    activity leading to skilled behavior
    transaction	
    conducting business within or between groups
    transfer	
    move from one place to another
    transformation	
    the act of changing in form or shape or appearance
    transitional	
    of or relating to change from one state to another
    translation	
    rendering in another language with the same meaning
    transmission	
    communication by means of sent signals
    transmit	
    send from one person or place to another
    transnational	
    involving or operating in several countries
    transparency	
    the quality of being clear
    transport	
    move something or somebody around
    transportation	
    the act of moving something from one location to another
    treatment	
    the management of someone or something
    treaty	
    a written agreement between two states or sovereigns
    tribunal	
    an assembly to conduct judicial business
    trigger	
    lever that activates the firing mechanism of a gun
    trio	
    a set of three similar things considered as a unit
    troika	
    a Russian carriage pulled by three horses abreast
    truce	
    a state of peace agreed to between opponents
    turnover	
    the ratio of the number of workers that had to be replaced in a given time period to the average number of workers
    twinning	
    producing two offspring at a time
    unambiguous	
    having or exhibiting a single clearly defined meaning
    unanimity	
    everyone being of one mind
    unconventional	
    not conforming to standards
    underprivileged	
    lacking the advantages of other members of society
    understanding	
    the condition of someone who knows and comprehends
    unduly	
    to an unnecessary degree
    unemployed	
    not engaged in a gainful occupation
    unemployment	
    the state of not having a job
    union	
    the state of being joined or united or linked
    unity	
    an undivided or unbroken completeness with nothing wanting
    universality	
    the quality of being universal; existing everywhere
    unrestrained	
    not subject to limitation
    urban	
    relating to a city or densely populated area
    urgency	
    an earnest and insistent necessity
    urgent	
    compelling immediate action
    usage	
    the act of employing
    usher	
    someone employed to conduct others
    utilization	
    the act of using
    validate	
    confirm the legal force of
    value	
    the quality that renders something desirable
    venture	
    an undertaking with an uncertain outcome
    verbatim	
    using exactly the same words
    verdict	
    findings of a jury on issues submitted to it for decision
    verify	
    confirm the truth of
    veto	
    a vote that blocks a decision
    viable	
    capable of life or normal growth and development
    vignette	
    a brief literary description
    violation	
    an act that disregards an agreement or a right
    vocational	
    of or relating to an occupation
    void	
    an empty area or space
    voting	
    a choice that is made by counting the number of people in favor of each alternative
    vulnerable	
    capable of being wounded or hurt
    waiver	
    a formal written statement of relinquishment
    welfare	
    something that aids or promotes well-being
    whistleblower	
    an informant who exposes wrongdoing within an organization in the hope of stopping it
    withdrawal	
    the act of pulling back
    stance	
    a rationalized mental attitude
